"KNOEMA_COMMODITY_GROUP","KNOEMA_PRICE_DETAIL","MO_PRICE_TYPE","KNOEMA_MARKET","KNOEMA_UNITS","RELEASE","API_KEY","Unit","Date","Value"
"Steel - Carbon","Price indicator, CRUspi Longs","Nominal","Global","Index","Current","4edbquwf5lh78mbhviivg2l14jma47d7","Index","1994M4","100"
"Steel - Carbon","Price indicator, CRUspi Longs","Nominal","Global","Index","Current","4edbquwf5lh78mbhviivg2l14jma47d7","Index","1994M5","98.6926"
"Steel - Carbon","Price indicator, CRUspi Longs","Nominal","Global","Index","Current","4edbquwf5lh78mbhviivg2l14jma47d7","Index","1994M6","98.5109"
"Steel - Carbon","Price indicator, CRUspi Longs","Nominal","Global","Index","Current","4edbquwf5lh78mbhviivg2l14jma47d7","Index","1994M7","94.9745"
"Steel - Carbon","Price indicator, CRUspi Longs","Nominal","Global","Index","Current","4edbquwf5lh78mbhviivg2l14jma47d7","Index","1994M8","95.4589"
"Steel - Carbon","Price indicator, CRUspi Longs","Nominal","Global","Index","Current","4edbquwf5lh78mbhviivg2l14jma47d7","Index","1994M9","93.6632"
"Steel - Carbon","Price indicator, CRUspi Longs","Nominal","Global","Index","Current","4edbquwf5lh78mbhviivg2l14jma47d7","Index","1994M10","94.3329"
"Steel - Carbon","Price indicator, CRUspi Longs","Nominal","Global","Index","Current","4edbquwf5lh78mbhviivg2l14jma47d7","Index","1994M11","93.2779"
"Steel - Carbon","Price indicator, CRUspi Longs","Nominal","Global","Index","Current","4edbquwf5lh78mbhviivg2l14jma47d7","Index","1994M12","93.9651"
"Steel - Carbon","Price indicator, CRUspi Longs","Nominal","Global","Index","Current","4edbquwf5lh78mbhviivg2l14jma47d7","Index","1995M1","94.2073"
"Steel - Carbon","Price indicator, CRUspi Longs","Nominal","Global","Index","Current","4edbquwf5lh78mbhviivg2l14jma47d7","Index","1995M2","94.997"
"Steel - Carbon","Price indicator, CRUspi Longs","Nominal","Global","Index","Current","4edbquwf5lh78mbhviivg2l14jma47d7","Index","1995M3","103.6092"
"Steel - Carbon","Price indicator, CRUspi Longs","Nominal","Global","Index","Current","4edbquwf5lh78mbhviivg2l14jma47d7","Index","1995M4","105.0163"
"Steel - Carbon","Price indicator, CRUspi Longs","Nominal","Global","Index","Current","4edbquwf5lh78mbhviivg2l14jma47d7","Index","1995M5","104.7404"
"Steel - Carbon","Price indicator, CRUspi Longs","Nominal","Global","Index","Current","4edbquwf5lh78mbhviivg2l14jma47d7","Index","1995M6","108.1183"
"Steel - Carbon","Price indicator, CRUspi Longs","Nominal","Global","Index","Current","4edbquwf5lh78mbhviivg2l14jma47d7","Index","1995M7","106.4532"
"Steel - Carbon","Price indicator, CRUspi Longs","Nominal","Global","Index","Current","4edbquwf5lh78mbhviivg2l14jma47d7","Index","1995M8","106.9465"
"Steel - Carbon","Price indicator, CRUspi Longs","Nominal","Global","Index","Current","4edbquwf5lh78mbhviivg2l14jma47d7","Index","1995M9","101.7168"
"Steel - Carbon","Price indicator, CRUspi Longs","Nominal","Global","Index","Current","4edbquwf5lh78mbhviivg2l14jma47d7","Index","1995M10","100.4256"
"Steel - Carbon","Price indicator, CRUspi Longs","Nominal","Global","Index","Current","4edbquwf5lh78mbhviivg2l14jma47d7","Index","1995M11","99.524"
"Steel - Carbon","Price indicator, CRUspi Longs","Nominal","Global","Index","Current","4edbquwf5lh78mbhviivg2l14jma47d7","Index","1995M12","98.5037"
"Steel - Carbon","Price indicator, CRUspi Longs","Nominal","Global","Index","Current","4edbquwf5lh78mbhviivg2l14jma47d7","Index","1996M1","96.826"
"Steel - Carbon","Price indicator, CRUspi Longs","Nominal","Global","Index","Current","4edbquwf5lh78mbhviivg2l14jma47d7","Index","1996M2","96.3249"
"Steel - Carbon","Price indicator, CRUspi Longs","Nominal","Global","Index","Current","4edbquwf5lh78mbhviivg2l14jma47d7","Index","1996M3","94.7207"
"Steel - Carbon","Price indicator, CRUspi Longs","Nominal","Global","Index","Current","4edbquwf5lh78mbhviivg2l14jma47d7","Index","1996M4","96.528"
"Steel - Carbon","Price indicator, CRUspi Longs","Nominal","Global","Index","Current","4edbquwf5lh78mbhviivg2l14jma47d7","Index","1996M5","95.8611"
"Steel - Carbon","Price indicator, CRUspi Longs","Nominal","Global","Index","Current","4edbquwf5lh78mbhviivg2l14jma47d7","Index","1996M6","95.8247"
"Steel - Carbon","Price indicator, CRUspi Longs","Nominal","Global","Index","Current","4edbquwf5lh78mbhviivg2l14jma47d7","Index","1996M7","96.5523"
"Steel - Carbon","Price indicator, CRUspi Longs","Nominal","Global","Index","Current","4edbquwf5lh78mbhviivg2l14jma47d7","Index","1996M8","95.96"
"Steel - Carbon","Price indicator, CRUspi Longs","Nominal","Global","Index","Current","4edbquwf5lh78mbhviivg2l14jma47d7","Index","1996M9","97.0461"
"Steel - Carbon","Price indicator, CRUspi Longs","Nominal","Global","Index","Current","4edbquwf5lh78mbhviivg2l14jma47d7","Index","1996M10","96.971"
"Steel - Carbon","Price indicator, CRUspi Longs","Nominal","Global","Index","Current","4edbquwf5lh78mbhviivg2l14jma47d7","Index","1996M11","96.7735"
"Steel - Carbon","Price indicator, CRUspi Longs","Nominal","Global","Index","Current","4edbquwf5lh78mbhviivg2l14jma47d7","Index","1996M12","96.6593"
"Steel - Carbon","Price indicator, CRUspi Longs","Nominal","Global","Index","Current","4edbquwf5lh78mbhviivg2l14jma47d7","Index","1997M1","96.9153"
"Steel - Carbon","Price indicator, CRUspi Longs","Nominal","Global","Index","Current","4edbquwf5lh78mbhviivg2l14jma47d7","Index","1997M2","96.8058"
"Steel - Carbon","Price indicator, CRUspi Longs","Nominal","Global","Index","Current","4edbquwf5lh78mbhviivg2l14jma47d7","Index","1997M3","97.2626"
"Steel - Carbon","Price indicator, CRUspi Longs","Nominal","Global","Index","Current","4edbquwf5lh78mbhviivg2l14jma47d7","Index","1997M4","98.7439"
"Steel - Carbon","Price indicator, CRUspi Longs","Nominal","Global","Index","Current","4edbquwf5lh78mbhviivg2l14jma47d7","Index","1997M5","98.4369"
"Steel - Carbon","Price indicator, CRUspi Longs","Nominal","Global","Index","Current","4edbquwf5lh78mbhviivg2l14jma47d7","Index","1997M6","97.4125"
"Steel - Carbon","Price indicator, CRUspi Longs","Nominal","Global","Index","Current","4edbquwf5lh78mbhviivg2l14jma47d7","Index","1997M7","97.2588"
"Steel - Carbon","Price indicator, CRUspi Longs","Nominal","Global","Index","Current","4edbquwf5lh78mbhviivg2l14jma47d7","Index","1997M8","97.373"
"Steel - Carbon","Price indicator, CRUspi Longs","Nominal","Global","Index","Current","4edbquwf5lh78mbhviivg2l14jma47d7","Index","1997M9","97.8452"
"Steel - Carbon","Price indicator, CRUspi Longs","Nominal","Global","Index","Current","4edbquwf5lh78mbhviivg2l14jma47d7","Index","1997M10","98.2322"
"Steel - Carbon","Price indicator, CRUspi Longs","Nominal","Global","Index","Current","4edbquwf5lh78mbhviivg2l14jma47d7","Index","1997M11","97.6553"
"Steel - Carbon","Price indicator, CRUspi Longs","Nominal","Global","Index","Current","4edbquwf5lh78mbhviivg2l14jma47d7","Index","1997M12","97.98"
"Steel - Carbon","Price indicator, CRUspi Longs","Nominal","Global","Index","Current","4edbquwf5lh78mbhviivg2l14jma47d7","Index","1998M1","94.7935"
"Steel - Carbon","Price indicator, CRUspi Longs","Nominal","Global","Index","Current","4edbquwf5lh78mbhviivg2l14jma47d7","Index","1998M2","94.7935"
"Steel - Carbon","Price indicator, CRUspi Longs","Nominal","Global","Index","Current","4edbquwf5lh78mbhviivg2l14jma47d7","Index","1998M3","88.3609"
"Steel - Carbon","Price indicator, CRUspi Longs","Nominal","Global","Index","Current","4edbquwf5lh78mbhviivg2l14jma47d7","Index","1998M4","87.1871"
"Steel - Carbon","Price indicator, CRUspi Longs","Nominal","Global","Index","Current","4edbquwf5lh78mbhviivg2l14jma47d7","Index","1998M5","85.7059"
"Steel - Carbon","Price indicator, CRUspi Longs","Nominal","Global","Index","Current","4edbquwf5lh78mbhviivg2l14jma47d7","Index","1998M6","84.4854"
"Steel - Carbon","Price indicator, CRUspi Longs","Nominal","Global","Index","Current","4edbquwf5lh78mbhviivg2l14jma47d7","Index","1998M7","83.6638"
"Steel - Carbon","Price indicator, CRUspi Longs","Nominal","Global","Index","Current","4edbquwf5lh78mbhviivg2l14jma47d7","Index","1998M8","82.9786"
"Steel - Carbon","Price indicator, CRUspi Longs","Nominal","Global","Index","Current","4edbquwf5lh78mbhviivg2l14jma47d7","Index","1998M9","82.0282"
"Steel - Carbon","Price indicator, CRUspi Longs","Nominal","Global","Index","Current","4edbquwf5lh78mbhviivg2l14jma47d7","Index","1998M10","77.6522"
"Steel - Carbon","Price indicator, CRUspi Longs","Nominal","Global","Index","Current","4edbquwf5lh78mbhviivg2l14jma47d7","Index","1998M11","74.5522"
"Steel - Carbon","Price indicator, CRUspi Longs","Nominal","Global","Index","Current","4edbquwf5lh78mbhviivg2l14jma47d7","Index","1998M12","73.4809"
"Steel - Carbon","Price indicator, CRUspi Longs","Nominal","Global","Index","Current","4edbquwf5lh78mbhviivg2l14jma47d7","Index","1999M1","71.8241"
"Steel - Carbon","Price indicator, CRUspi Longs","Nominal","Global","Index","Current","4edbquwf5lh78mbhviivg2l14jma47d7","Index","1999M2","72.4274"
"Steel - Carbon","Price indicator, CRUspi Longs","Nominal","Global","Index","Current","4edbquwf5lh78mbhviivg2l14jma47d7","Index","1999M3","72.4274"
"Steel - Carbon","Price indicator, CRUspi Longs","Nominal","Global","Index","Current","4edbquwf5lh78mbhviivg2l14jma47d7","Index","1999M4","72.8948"
"Steel - Carbon","Price indicator, CRUspi Longs","Nominal","Global","Index","Current","4edbquwf5lh78mbhviivg2l14jma47d7","Index","1999M5","72.9227"
"Steel - Carbon","Price indicator, CRUspi Longs","Nominal","Global","Index","Current","4edbquwf5lh78mbhviivg2l14jma47d7","Index","1999M6","73.4475"
"Steel - Carbon","Price indicator, CRUspi Longs","Nominal","Global","Index","Current","4edbquwf5lh78mbhviivg2l14jma47d7","Index","1999M7","75.4235"
"Steel - Carbon","Price indicator, CRUspi Longs","Nominal","Global","Index","Current","4edbquwf5lh78mbhviivg2l14jma47d7","Index","1999M8","77.1639"
"Steel - Carbon","Price indicator, CRUspi Longs","Nominal","Global","Index","Current","4edbquwf5lh78mbhviivg2l14jma47d7","Index","1999M9","77.6114"
"Steel - Carbon","Price indicator, CRUspi Longs","Nominal","Global","Index","Current","4edbquwf5lh78mbhviivg2l14jma47d7","Index","1999M10","78.8262"
"Steel - Carbon","Price indicator, CRUspi Longs","Nominal","Global","Index","Current","4edbquwf5lh78mbhviivg2l14jma47d7","Index","1999M11","79.7914"
"Steel - Carbon","Price indicator, CRUspi Longs","Nominal","Global","Index","Current","4edbquwf5lh78mbhviivg2l14jma47d7","Index","1999M12","79.2393"
"Steel - Carbon","Price indicator, CRUspi Longs","Nominal","Global","Index","Current","4edbquwf5lh78mbhviivg2l14jma47d7","Index","2000M1","80.2828"
"Steel - Carbon","Price indicator, CRUspi Longs","Nominal","Global","Index","Current","4edbquwf5lh78mbhviivg2l14jma47d7","Index","2000M2","81.9062"
"Steel - Carbon","Price indicator, CRUspi Longs","Nominal","Global","Index","Current","4edbquwf5lh78mbhviivg2l14jma47d7","Index","2000M3","83.327"
"Steel - Carbon","Price indicator, CRUspi Longs","Nominal","Global","Index","Current","4edbquwf5lh78mbhviivg2l14jma47d7","Index","2000M4","84.1331"
"Steel - Carbon","Price indicator, CRUspi Longs","Nominal","Global","Index","Current","4edbquwf5lh78mbhviivg2l14jma47d7","Index","2000M5","84.7627"
"Steel - Carbon","Price indicator, CRUspi Longs","Nominal","Global","Index","Current","4edbquwf5lh78mbhviivg2l14jma47d7","Index","2000M6","83.5684"
"Steel - Carbon","Price indicator, CRUspi Longs","Nominal","Global","Index","Current","4edbquwf5lh78mbhviivg2l14jma47d7","Index","2000M7","82.9452"
"Steel - Carbon","Price indicator, CRUspi Longs","Nominal","Global","Index","Current","4edbquwf5lh78mbhviivg2l14jma47d7","Index","2000M8","78.9117"
"Steel - Carbon","Price indicator, CRUspi Longs","Nominal","Global","Index","Current","4edbquwf5lh78mbhviivg2l14jma47d7","Index","2000M9","78.6047"
"Steel - Carbon","Price indicator, CRUspi Longs","Nominal","Global","Index","Current","4edbquwf5lh78mbhviivg2l14jma47d7","Index","2000M10","78.987"
"Steel - Carbon","Price indicator, CRUspi Longs","Nominal","Global","Index","Current","4edbquwf5lh78mbhviivg2l14jma47d7","Index","2000M11","78.3186"
"Steel - Carbon","Price indicator, CRUspi Longs","Nominal","Global","Index","Current","4edbquwf5lh78mbhviivg2l14jma47d7","Index","2000M12","78.3186"
"Steel - Carbon","Price indicator, CRUspi Longs","Nominal","Global","Index","Current","4edbquwf5lh78mbhviivg2l14jma47d7","Index","2001M1","78.547"
"Steel - Carbon","Price indicator, CRUspi Longs","Nominal","Global","Index","Current","4edbquwf5lh78mbhviivg2l14jma47d7","Index","2001M2","77.9682"
"Steel - Carbon","Price indicator, CRUspi Longs","Nominal","Global","Index","Current","4edbquwf5lh78mbhviivg2l14jma47d7","Index","2001M3","77.9118"
"Steel - Carbon","Price indicator, CRUspi Longs","Nominal","Global","Index","Current","4edbquwf5lh78mbhviivg2l14jma47d7","Index","2001M4","78.0109"
"Steel - Carbon","Price indicator, CRUspi Longs","Nominal","Global","Index","Current","4edbquwf5lh78mbhviivg2l14jma47d7","Index","2001M5","77.9852"
"Steel - Carbon","Price indicator, CRUspi Longs","Nominal","Global","Index","Current","4edbquwf5lh78mbhviivg2l14jma47d7","Index","2001M6","77.5904"
"Steel - Carbon","Price indicator, CRUspi Longs","Nominal","Global","Index","Current","4edbquwf5lh78mbhviivg2l14jma47d7","Index","2001M7","77.8022"
"Steel - Carbon","Price indicator, CRUspi Longs","Nominal","Global","Index","Current","4edbquwf5lh78mbhviivg2l14jma47d7","Index","2001M8","77.3031"
"Steel - Carbon","Price indicator, CRUspi Longs","Nominal","Global","Index","Current","4edbquwf5lh78mbhviivg2l14jma47d7","Index","2001M9","77.378"
"Steel - Carbon","Price indicator, CRUspi Longs","Nominal","Global","Index","Current","4edbquwf5lh78mbhviivg2l14jma47d7","Index","2001M10","77.1566"
"Steel - Carbon","Price indicator, CRUspi Longs","Nominal","Global","Index","Current","4edbquwf5lh78mbhviivg2l14jma47d7","Index","2001M11","76.2429"
"Steel - Carbon","Price indicator, CRUspi Longs","Nominal","Global","Index","Current","4edbquwf5lh78mbhviivg2l14jma47d7","Index","2001M12","75.5637"
"Steel - Carbon","Price indicator, CRUspi Longs","Nominal","Global","Index","Current","4edbquwf5lh78mbhviivg2l14jma47d7","Index","2002M1","74.7367"
"Steel - Carbon","Price indicator, CRUspi Longs","Nominal","Global","Index","Current","4edbquwf5lh78mbhviivg2l14jma47d7","Index","2002M2","74.7367"
"Steel - Carbon","Price indicator, CRUspi Longs","Nominal","Global","Index","Current","4edbquwf5lh78mbhviivg2l14jma47d7","Index","2002M3","76.0527"
"Steel - Carbon","Price indicator, CRUspi Longs","Nominal","Global","Index","Current","4edbquwf5lh78mbhviivg2l14jma47d7","Index","2002M4","77.146"
"Steel - Carbon","Price indicator, CRUspi Longs","Nominal","Global","Index","Current","4edbquwf5lh78mbhviivg2l14jma47d7","Index","2002M5","78.1591"
"Steel - Carbon","Price indicator, CRUspi Longs","Nominal","Global","Index","Current","4edbquwf5lh78mbhviivg2l14jma47d7","Index","2002M6","80.274"
"Steel - Carbon","Price indicator, CRUspi Longs","Nominal","Global","Index","Current","4edbquwf5lh78mbhviivg2l14jma47d7","Index","2002M7","82.3837"
"Steel - Carbon","Price indicator, CRUspi Longs","Nominal","Global","Index","Current","4edbquwf5lh78mbhviivg2l14jma47d7","Index","2002M8","86.1899"
"Steel - Carbon","Price indicator, CRUspi Longs","Nominal","Global","Index","Current","4edbquwf5lh78mbhviivg2l14jma47d7","Index","2002M9","86.3421"
"Steel - Carbon","Price indicator, CRUspi Longs","Nominal","Global","Index","Current","4edbquwf5lh78mbhviivg2l14jma47d7","Index","2002M10","82.6626"
"Steel - Carbon","Price indicator, CRUspi Longs","Nominal","Global","Index","Current","4edbquwf5lh78mbhviivg2l14jma47d7","Index","2002M11","83.6089"
"Steel - Carbon","Price indicator, CRUspi Longs","Nominal","Global","Index","Current","4edbquwf5lh78mbhviivg2l14jma47d7","Index","2002M12","85.3586"
"Steel - Carbon","Price indicator, CRUspi Longs","Nominal","Global","Index","Current","4edbquwf5lh78mbhviivg2l14jma47d7","Index","2003M1","97.0399"
"Steel - Carbon","Price indicator, CRUspi Longs","Nominal","Global","Index","Current","4edbquwf5lh78mbhviivg2l14jma47d7","Index","2003M2","97.7888"
"Steel - Carbon","Price indicator, CRUspi Longs","Nominal","Global","Index","Current","4edbquwf5lh78mbhviivg2l14jma47d7","Index","2003M3","101.9383"
"Steel - Carbon","Price indicator, CRUspi Longs","Nominal","Global","Index","Current","4edbquwf5lh78mbhviivg2l14jma47d7","Index","2003M4","98.6823"
"Steel - Carbon","Price indicator, CRUspi Longs","Nominal","Global","Index","Current","4edbquwf5lh78mbhviivg2l14jma47d7","Index","2003M5","97.6097"
"Steel - Carbon","Price indicator, CRUspi Longs","Nominal","Global","Index","Current","4edbquwf5lh78mbhviivg2l14jma47d7","Index","2003M6","96.9396"
"Steel - Carbon","Price indicator, CRUspi Longs","Nominal","Global","Index","Current","4edbquwf5lh78mbhviivg2l14jma47d7","Index","2003M7","97.4926"
"Steel - Carbon","Price indicator, CRUspi Longs","Nominal","Global","Index","Current","4edbquwf5lh78mbhviivg2l14jma47d7","Index","2003M8","99.9363"
"Steel - Carbon","Price indicator, CRUspi Longs","Nominal","Global","Index","Current","4edbquwf5lh78mbhviivg2l14jma47d7","Index","2003M9","101.4087"
"Steel - Carbon","Price indicator, CRUspi Longs","Nominal","Global","Index","Current","4edbquwf5lh78mbhviivg2l14jma47d7","Index","2003M10","105.2763"
"Steel - Carbon","Price indicator, CRUspi Longs","Nominal","Global","Index","Current","4edbquwf5lh78mbhviivg2l14jma47d7","Index","2003M11","108.718"
"Steel - Carbon","Price indicator, CRUspi Longs","Nominal","Global","Index","Current","4edbquwf5lh78mbhviivg2l14jma47d7","Index","2003M12","111.9941"
"Steel - Carbon","Price indicator, CRUspi Longs","Nominal","Global","Index","Current","4edbquwf5lh78mbhviivg2l14jma47d7","Index","2004M1","122.4944"
"Steel - Carbon","Price indicator, CRUspi Longs","Nominal","Global","Index","Current","4edbquwf5lh78mbhviivg2l14jma47d7","Index","2004M2","138.8707"
"Steel - Carbon","Price indicator, CRUspi Longs","Nominal","Global","Index","Current","4edbquwf5lh78mbhviivg2l14jma47d7","Index","2004M3","154.9559"
"Steel - Carbon","Price indicator, CRUspi Longs","Nominal","Global","Index","Current","4edbquwf5lh78mbhviivg2l14jma47d7","Index","2004M4","166.3803"
"Steel - Carbon","Price indicator, CRUspi Longs","Nominal","Global","Index","Current","4edbquwf5lh78mbhviivg2l14jma47d7","Index","2004M5","140.3392"
"Steel - Carbon","Price indicator, CRUspi Longs","Nominal","Global","Index","Current","4edbquwf5lh78mbhviivg2l14jma47d7","Index","2004M6","138.4549"
"Steel - Carbon","Price indicator, CRUspi Longs","Nominal","Global","Index","Current","4edbquwf5lh78mbhviivg2l14jma47d7","Index","2004M7","140.8213"
"Steel - Carbon","Price indicator, CRUspi Longs","Nominal","Global","Index","Current","4edbquwf5lh78mbhviivg2l14jma47d7","Index","2004M8","153.5883"
"Steel - Carbon","Price indicator, CRUspi Longs","Nominal","Global","Index","Current","4edbquwf5lh78mbhviivg2l14jma47d7","Index","2004M9","154.0534"
"Steel - Carbon","Price indicator, CRUspi Longs","Nominal","Global","Index","Current","4edbquwf5lh78mbhviivg2l14jma47d7","Index","2004M10","147.4414"
"Steel - Carbon","Price indicator, CRUspi Longs","Nominal","Global","Index","Current","4edbquwf5lh78mbhviivg2l14jma47d7","Index","2004M11","143.2999"
"Steel - Carbon","Price indicator, CRUspi Longs","Nominal","Global","Index","Current","4edbquwf5lh78mbhviivg2l14jma47d7","Index","2004M12","141.9938"
"Steel - Carbon","Price indicator, CRUspi Longs","Nominal","Global","Index","Current","4edbquwf5lh78mbhviivg2l14jma47d7","Index","2005M1","136.8262"
"Steel - Carbon","Price indicator, CRUspi Longs","Nominal","Global","Index","Current","4edbquwf5lh78mbhviivg2l14jma47d7","Index","2005M2","138.0984"
"Steel - Carbon","Price indicator, CRUspi Longs","Nominal","Global","Index","Current","4edbquwf5lh78mbhviivg2l14jma47d7","Index","2005M3","138.3704"
"Steel - Carbon","Price indicator, CRUspi Longs","Nominal","Global","Index","Current","4edbquwf5lh78mbhviivg2l14jma47d7","Index","2005M4","143.0172"
"Steel - Carbon","Price indicator, CRUspi Longs","Nominal","Global","Index","Current","4edbquwf5lh78mbhviivg2l14jma47d7","Index","2005M5","140.1378"
"Steel - Carbon","Price indicator, CRUspi Longs","Nominal","Global","Index","Current","4edbquwf5lh78mbhviivg2l14jma47d7","Index","2005M6","127.5867"
"Steel - Carbon","Price indicator, CRUspi Longs","Nominal","Global","Index","Current","4edbquwf5lh78mbhviivg2l14jma47d7","Index","2005M7","124.7704"
"Steel - Carbon","Price indicator, CRUspi Longs","Nominal","Global","Index","Current","4edbquwf5lh78mbhviivg2l14jma47d7","Index","2005M8","132.2663"
"Steel - Carbon","Price indicator, CRUspi Longs","Nominal","Global","Index","Current","4edbquwf5lh78mbhviivg2l14jma47d7","Index","2005M9","138.3459"
"Steel - Carbon","Price indicator, CRUspi Longs","Nominal","Global","Index","Current","4edbquwf5lh78mbhviivg2l14jma47d7","Index","2005M10","142.4135"
"Steel - Carbon","Price indicator, CRUspi Longs","Nominal","Global","Index","Current","4edbquwf5lh78mbhviivg2l14jma47d7","Index","2005M11","136.5289"
"Steel - Carbon","Price indicator, CRUspi Longs","Nominal","Global","Index","Current","4edbquwf5lh78mbhviivg2l14jma47d7","Index","2005M12","131.8305"
"Steel - Carbon","Price indicator, CRUspi Longs","Nominal","Global","Index","Current","4edbquwf5lh78mbhviivg2l14jma47d7","Index","2006M1","131.1454"
"Steel - Carbon","Price indicator, CRUspi Longs","Nominal","Global","Index","Current","4edbquwf5lh78mbhviivg2l14jma47d7","Index","2006M2","132.7954"
"Steel - Carbon","Price indicator, CRUspi Longs","Nominal","Global","Index","Current","4edbquwf5lh78mbhviivg2l14jma47d7","Index","2006M3","138.0684"
"Steel - Carbon","Price indicator, CRUspi Longs","Nominal","Global","Index","Current","4edbquwf5lh78mbhviivg2l14jma47d7","Index","2006M4","146.4048"
"Steel - Carbon","Price indicator, CRUspi Longs","Nominal","Global","Index","Current","4edbquwf5lh78mbhviivg2l14jma47d7","Index","2006M5","151.4578"
"Steel - Carbon","Price indicator, CRUspi Longs","Nominal","Global","Index","Current","4edbquwf5lh78mbhviivg2l14jma47d7","Index","2006M6","158.23"
"Steel - Carbon","Price indicator, CRUspi Longs","Nominal","Global","Index","Current","4edbquwf5lh78mbhviivg2l14jma47d7","Index","2006M7","159.3"
"Steel - Carbon","Price indicator, CRUspi Longs","Nominal","Global","Index","Current","4edbquwf5lh78mbhviivg2l14jma47d7","Index","2006M8","153.9433"
"Steel - Carbon","Price indicator, CRUspi Longs","Nominal","Global","Index","Current","4edbquwf5lh78mbhviivg2l14jma47d7","Index","2006M9","154.1885"
"Steel - Carbon","Price indicator, CRUspi Longs","Nominal","Global","Index","Current","4edbquwf5lh78mbhviivg2l14jma47d7","Index","2006M10","154.5432"
"Steel - Carbon","Price indicator, CRUspi Longs","Nominal","Global","Index","Current","4edbquwf5lh78mbhviivg2l14jma47d7","Index","2006M11","152.5302"
"Steel - Carbon","Price indicator, CRUspi Longs","Nominal","Global","Index","Current","4edbquwf5lh78mbhviivg2l14jma47d7","Index","2006M12","150.8203"
"Steel - Carbon","Price indicator, CRUspi Longs","Nominal","Global","Index","Current","4edbquwf5lh78mbhviivg2l14jma47d7","Index","2007M1","152.9744"
"Steel - Carbon","Price indicator, CRUspi Longs","Nominal","Global","Index","Current","4edbquwf5lh78mbhviivg2l14jma47d7","Index","2007M2","161.4987"
"Steel - Carbon","Price indicator, CRUspi Longs","Nominal","Global","Index","Current","4edbquwf5lh78mbhviivg2l14jma47d7","Index","2007M3","169.2319"
"Steel - Carbon","Price indicator, CRUspi Longs","Nominal","Global","Index","Current","4edbquwf5lh78mbhviivg2l14jma47d7","Index","2007M4","183.6184"
"Steel - Carbon","Price indicator, CRUspi Longs","Nominal","Global","Index","Current","4edbquwf5lh78mbhviivg2l14jma47d7","Index","2007M5","187.9195"
"Steel - Carbon","Price indicator, CRUspi Longs","Nominal","Global","Index","Current","4edbquwf5lh78mbhviivg2l14jma47d7","Index","2007M6","194.4364"
"Steel - Carbon","Price indicator, CRUspi Longs","Nominal","Global","Index","Current","4edbquwf5lh78mbhviivg2l14jma47d7","Index","2007M7","187.4418"
"Steel - Carbon","Price indicator, CRUspi Longs","Nominal","Global","Index","Current","4edbquwf5lh78mbhviivg2l14jma47d7","Index","2007M8","188.3471"
"Steel - Carbon","Price indicator, CRUspi Longs","Nominal","Global","Index","Current","4edbquwf5lh78mbhviivg2l14jma47d7","Index","2007M9","195.7757"
"Steel - Carbon","Price indicator, CRUspi Longs","Nominal","Global","Index","Current","4edbquwf5lh78mbhviivg2l14jma47d7","Index","2007M10","195.8483"
"Steel - Carbon","Price indicator, CRUspi Longs","Nominal","Global","Index","Current","4edbquwf5lh78mbhviivg2l14jma47d7","Index","2007M11","197.3454"
"Steel - Carbon","Price indicator, CRUspi Longs","Nominal","Global","Index","Current","4edbquwf5lh78mbhviivg2l14jma47d7","Index","2007M12","203.8226"
"Steel - Carbon","Price indicator, CRUspi Longs","Nominal","Global","Index","Current","4edbquwf5lh78mbhviivg2l14jma47d7","Index","2008M1","205.8652"
"Steel - Carbon","Price indicator, CRUspi Longs","Nominal","Global","Index","Current","4edbquwf5lh78mbhviivg2l14jma47d7","Index","2008M2","236.3583"
"Steel - Carbon","Price indicator, CRUspi Longs","Nominal","Global","Index","Current","4edbquwf5lh78mbhviivg2l14jma47d7","Index","2008M3","250.7895"
"Steel - Carbon","Price indicator, CRUspi Longs","Nominal","Global","Index","Current","4edbquwf5lh78mbhviivg2l14jma47d7","Index","2008M4","268.926"
"Steel - Carbon","Price indicator, CRUspi Longs","Nominal","Global","Index","Current","4edbquwf5lh78mbhviivg2l14jma47d7","Index","2008M5","302.9112"
"Steel - Carbon","Price indicator, CRUspi Longs","Nominal","Global","Index","Current","4edbquwf5lh78mbhviivg2l14jma47d7","Index","2008M6","313.7236"
"Steel - Carbon","Price indicator, CRUspi Longs","Nominal","Global","Index","Current","4edbquwf5lh78mbhviivg2l14jma47d7","Index","2008M7","331.5812"
"Steel - Carbon","Price indicator, CRUspi Longs","Nominal","Global","Index","Current","4edbquwf5lh78mbhviivg2l14jma47d7","Index","2008M8","327.5727"
"Steel - Carbon","Price indicator, CRUspi Longs","Nominal","Global","Index","Current","4edbquwf5lh78mbhviivg2l14jma47d7","Index","2008M9","309.2495"
"Steel - Carbon","Price indicator, CRUspi Longs","Nominal","Global","Index","Current","4edbquwf5lh78mbhviivg2l14jma47d7","Index","2008M10","276.8268"
"Steel - Carbon","Price indicator, CRUspi Longs","Nominal","Global","Index","Current","4edbquwf5lh78mbhviivg2l14jma47d7","Index","2008M11","216.8052"
"Steel - Carbon","Price indicator, CRUspi Longs","Nominal","Global","Index","Current","4edbquwf5lh78mbhviivg2l14jma47d7","Index","2008M12","174.4755"
"Steel - Carbon","Price indicator, CRUspi Longs","Nominal","Global","Index","Current","4edbquwf5lh78mbhviivg2l14jma47d7","Index","2009M1","192.7722"
"Steel - Carbon","Price indicator, CRUspi Longs","Nominal","Global","Index","Current","4edbquwf5lh78mbhviivg2l14jma47d7","Index","2009M2","179.1625"
"Steel - Carbon","Price indicator, CRUspi Longs","Nominal","Global","Index","Current","4edbquwf5lh78mbhviivg2l14jma47d7","Index","2009M3","167.0565"
"Steel - Carbon","Price indicator, CRUspi Longs","Nominal","Global","Index","Current","4edbquwf5lh78mbhviivg2l14jma47d7","Index","2009M4","152.1753"
"Steel - Carbon","Price indicator, CRUspi Longs","Nominal","Global","Index","Current","4edbquwf5lh78mbhviivg2l14jma47d7","Index","2009M5","154.0138"
"Steel - Carbon","Price indicator, CRUspi Longs","Nominal","Global","Index","Current","4edbquwf5lh78mbhviivg2l14jma47d7","Index","2009M6","159.5312"
"Steel - Carbon","Price indicator, CRUspi Longs","Nominal","Global","Index","Current","4edbquwf5lh78mbhviivg2l14jma47d7","Index","2009M7","161.8563"
"Steel - Carbon","Price indicator, CRUspi Longs","Nominal","Global","Index","Current","4edbquwf5lh78mbhviivg2l14jma47d7","Index","2009M8","167.5636"
"Steel - Carbon","Price indicator, CRUspi Longs","Nominal","Global","Index","Current","4edbquwf5lh78mbhviivg2l14jma47d7","Index","2009M9","175.7504"
"Steel - Carbon","Price indicator, CRUspi Longs","Nominal","Global","Index","Current","4edbquwf5lh78mbhviivg2l14jma47d7","Index","2009M10","170.4668"
"Steel - Carbon","Price indicator, CRUspi Longs","Nominal","Global","Index","Current","4edbquwf5lh78mbhviivg2l14jma47d7","Index","2009M11","164.9005"
"Steel - Carbon","Price indicator, CRUspi Longs","Nominal","Global","Index","Current","4edbquwf5lh78mbhviivg2l14jma47d7","Index","2009M12","167.1424"
"Steel - Carbon","Price indicator, CRUspi Longs","Nominal","Global","Index","Current","4edbquwf5lh78mbhviivg2l14jma47d7","Index","2010M1","173.5585"
"Steel - Carbon","Price indicator, CRUspi Longs","Nominal","Global","Index","Current","4edbquwf5lh78mbhviivg2l14jma47d7","Index","2010M2","176.8691"
"Steel - Carbon","Price indicator, CRUspi Longs","Nominal","Global","Index","Current","4edbquwf5lh78mbhviivg2l14jma47d7","Index","2010M3","185.2428"
"Steel - Carbon","Price indicator, CRUspi Longs","Nominal","Global","Index","Current","4edbquwf5lh78mbhviivg2l14jma47d7","Index","2010M4","210.8851"
"Steel - Carbon","Price indicator, CRUspi Longs","Nominal","Global","Index","Current","4edbquwf5lh78mbhviivg2l14jma47d7","Index","2010M5","215.8741"
"Steel - Carbon","Price indicator, CRUspi Longs","Nominal","Global","Index","Current","4edbquwf5lh78mbhviivg2l14jma47d7","Index","2010M6","209.9379"
"Steel - Carbon","Price indicator, CRUspi Longs","Nominal","Global","Index","Current","4edbquwf5lh78mbhviivg2l14jma47d7","Index","2010M7","188.3172"
"Steel - Carbon","Price indicator, CRUspi Longs","Nominal","Global","Index","Current","4edbquwf5lh78mbhviivg2l14jma47d7","Index","2010M8","185.284"
"Steel - Carbon","Price indicator, CRUspi Longs","Nominal","Global","Index","Current","4edbquwf5lh78mbhviivg2l14jma47d7","Index","2010M9","194.8641"
"Steel - Carbon","Price indicator, CRUspi Longs","Nominal","Global","Index","Current","4edbquwf5lh78mbhviivg2l14jma47d7","Index","2010M10","195.813"
"Steel - Carbon","Price indicator, CRUspi Longs","Nominal","Global","Index","Current","4edbquwf5lh78mbhviivg2l14jma47d7","Index","2010M11","195.8315"
"Steel - Carbon","Price indicator, CRUspi Longs","Nominal","Global","Index","Current","4edbquwf5lh78mbhviivg2l14jma47d7","Index","2010M12","202.3371"
"Steel - Carbon","Price indicator, CRUspi Longs","Nominal","Global","Index","Current","4edbquwf5lh78mbhviivg2l14jma47d7","Index","2011M1","229.4227"
"Steel - Carbon","Price indicator, CRUspi Longs","Nominal","Global","Index","Current","4edbquwf5lh78mbhviivg2l14jma47d7","Index","2011M2","234.8732"
"Steel - Carbon","Price indicator, CRUspi Longs","Nominal","Global","Index","Current","4edbquwf5lh78mbhviivg2l14jma47d7","Index","2011M3","234.1751"
"Steel - Carbon","Price indicator, CRUspi Longs","Nominal","Global","Index","Current","4edbquwf5lh78mbhviivg2l14jma47d7","Index","2011M4","229.6811"
"Steel - Carbon","Price indicator, CRUspi Longs","Nominal","Global","Index","Current","4edbquwf5lh78mbhviivg2l14jma47d7","Index","2011M5","231.0541"
"Steel - Carbon","Price indicator, CRUspi Longs","Nominal","Global","Index","Current","4edbquwf5lh78mbhviivg2l14jma47d7","Index","2011M6","230.7543"
"Steel - Carbon","Price indicator, CRUspi Longs","Nominal","Global","Index","Current","4edbquwf5lh78mbhviivg2l14jma47d7","Index","2011M7","232.0944"
"Steel - Carbon","Price indicator, CRUspi Longs","Nominal","Global","Index","Current","4edbquwf5lh78mbhviivg2l14jma47d7","Index","2011M8","234.8666"
"Steel - Carbon","Price indicator, CRUspi Longs","Nominal","Global","Index","Current","4edbquwf5lh78mbhviivg2l14jma47d7","Index","2011M9","233.8872"
"Steel - Carbon","Price indicator, CRUspi Longs","Nominal","Global","Index","Current","4edbquwf5lh78mbhviivg2l14jma47d7","Index","2011M10","232.7534"
"Steel - Carbon","Price indicator, CRUspi Longs","Nominal","Global","Index","Current","4edbquwf5lh78mbhviivg2l14jma47d7","Index","2011M11","232.3773"
"Steel - Carbon","Price indicator, CRUspi Longs","Nominal","Global","Index","Current","4edbquwf5lh78mbhviivg2l14jma47d7","Index","2011M12","213.6775"
"Steel - Carbon","Price indicator, CRUspi Longs","Nominal","Global","Index","Current","4edbquwf5lh78mbhviivg2l14jma47d7","Index","2012M1","217.803"
"Steel - Carbon","Price indicator, CRUspi Longs","Nominal","Global","Index","Current","4edbquwf5lh78mbhviivg2l14jma47d7","Index","2012M2","220.4144"
"Steel - Carbon","Price indicator, CRUspi Longs","Nominal","Global","Index","Current","4edbquwf5lh78mbhviivg2l14jma47d7","Index","2012M3","219.042"
"Steel - Carbon","Price indicator, CRUspi Longs","Nominal","Global","Index","Current","4edbquwf5lh78mbhviivg2l14jma47d7","Index","2012M4","219.553"
"Steel - Carbon","Price indicator, CRUspi Longs","Nominal","Global","Index","Current","4edbquwf5lh78mbhviivg2l14jma47d7","Index","2012M5","219.6491"
"Steel - Carbon","Price indicator, CRUspi Longs","Nominal","Global","Index","Current","4edbquwf5lh78mbhviivg2l14jma47d7","Index","2012M6","214.681"
"Steel - Carbon","Price indicator, CRUspi Longs","Nominal","Global","Index","Current","4edbquwf5lh78mbhviivg2l14jma47d7","Index","2012M7","203.9374"
"Steel - Carbon","Price indicator, CRUspi Longs","Nominal","Global","Index","Current","4edbquwf5lh78mbhviivg2l14jma47d7","Index","2012M8","197.0857"
"Steel - Carbon","Price indicator, CRUspi Longs","Nominal","Global","Index","Current","4edbquwf5lh78mbhviivg2l14jma47d7","Index","2012M9","194.1058"
"Steel - Carbon","Price indicator, CRUspi Longs","Nominal","Global","Index","Current","4edbquwf5lh78mbhviivg2l14jma47d7","Index","2012M10","189.0483"
"Steel - Carbon","Price indicator, CRUspi Longs","Nominal","Global","Index","Current","4edbquwf5lh78mbhviivg2l14jma47d7","Index","2012M11","187.7736"
"Steel - Carbon","Price indicator, CRUspi Longs","Nominal","Global","Index","Current","4edbquwf5lh78mbhviivg2l14jma47d7","Index","2012M12","194.615"
"Steel - Carbon","Price indicator, CRUspi Longs","Nominal","Global","Index","Current","4edbquwf5lh78mbhviivg2l14jma47d7","Index","2013M1","200.5371"
"Steel - Carbon","Price indicator, CRUspi Longs","Nominal","Global","Index","Current","4edbquwf5lh78mbhviivg2l14jma47d7","Index","2013M2","202.1911"
"Steel - Carbon","Price indicator, CRUspi Longs","Nominal","Global","Index","Current","4edbquwf5lh78mbhviivg2l14jma47d7","Index","2013M3","201.9612"
"Steel - Carbon","Price indicator, CRUspi Longs","Nominal","Global","Index","Current","4edbquwf5lh78mbhviivg2l14jma47d7","Index","2013M4","194.5388"
"Steel - Carbon","Price indicator, CRUspi Longs","Nominal","Global","Index","Current","4edbquwf5lh78mbhviivg2l14jma47d7","Index","2013M5","190.8172"
"Steel - Carbon","Price indicator, CRUspi Longs","Nominal","Global","Index","Current","4edbquwf5lh78mbhviivg2l14jma47d7","Index","2013M6","183.6645"
"Steel - Carbon","Price indicator, CRUspi Longs","Nominal","Global","Index","Current","4edbquwf5lh78mbhviivg2l14jma47d7","Index","2013M7","182.1685"
"Steel - Carbon","Price indicator, CRUspi Longs","Nominal","Global","Index","Current","4edbquwf5lh78mbhviivg2l14jma47d7","Index","2013M8","185.4764"
"Steel - Carbon","Price indicator, CRUspi Longs","Nominal","Global","Index","Current","4edbquwf5lh78mbhviivg2l14jma47d7","Index","2013M9","190.9623"
"Steel - Carbon","Price indicator, CRUspi Longs","Nominal","Global","Index","Current","4edbquwf5lh78mbhviivg2l14jma47d7","Index","2013M10","185.078"
"Steel - Carbon","Price indicator, CRUspi Longs","Nominal","Global","Index","Current","4edbquwf5lh78mbhviivg2l14jma47d7","Index","2013M11","183.7811"
"Steel - Carbon","Price indicator, CRUspi Longs","Nominal","Global","Index","Current","4edbquwf5lh78mbhviivg2l14jma47d7","Index","2013M12","185.7271"
"Steel - Carbon","Price indicator, CRUspi Longs","Nominal","Global","Index","Current","4edbquwf5lh78mbhviivg2l14jma47d7","Index","2014M1","189.8008"
"Steel - Carbon","Price indicator, CRUspi Longs","Nominal","Global","Index","Current","4edbquwf5lh78mbhviivg2l14jma47d7","Index","2014M2","188.8715"
"Steel - Carbon","Price indicator, CRUspi Longs","Nominal","Global","Index","Current","4edbquwf5lh78mbhviivg2l14jma47d7","Index","2014M3","185.8424"
"Steel - Carbon","Price indicator, CRUspi Longs","Nominal","Global","Index","Current","4edbquwf5lh78mbhviivg2l14jma47d7","Index","2014M4","181.9392"
"Steel - Carbon","Price indicator, CRUspi Longs","Nominal","Global","Index","Current","4edbquwf5lh78mbhviivg2l14jma47d7","Index","2014M5","184.1625"
"Steel - Carbon","Price indicator, CRUspi Longs","Nominal","Global","Index","Current","4edbquwf5lh78mbhviivg2l14jma47d7","Index","2014M6","180.92"
"Steel - Carbon","Price indicator, CRUspi Longs","Nominal","Global","Index","Current","4edbquwf5lh78mbhviivg2l14jma47d7","Index","2014M7","176.6762"
"Steel - Carbon","Price indicator, CRUspi Longs","Nominal","Global","Index","Current","4edbquwf5lh78mbhviivg2l14jma47d7","Index","2014M8","178.6293"
"Steel - Carbon","Price indicator, CRUspi Longs","Nominal","Global","Index","Current","4edbquwf5lh78mbhviivg2l14jma47d7","Index","2014M9","175.793"
"Steel - Carbon","Price indicator, CRUspi Longs","Nominal","Global","Index","Current","4edbquwf5lh78mbhviivg2l14jma47d7","Index","2014M10","170.7865"
"Steel - Carbon","Price indicator, CRUspi Longs","Nominal","Global","Index","Current","4edbquwf5lh78mbhviivg2l14jma47d7","Index","2014M11","167.5011"
"Steel - Carbon","Price indicator, CRUspi Longs","Nominal","Global","Index","Current","4edbquwf5lh78mbhviivg2l14jma47d7","Index","2014M12","165.7126"
"Steel - Carbon","Price indicator, CRUspi Longs","Nominal","Global","Index","Current","4edbquwf5lh78mbhviivg2l14jma47d7","Index","2015M1","162.3383"
"Steel - Carbon","Price indicator, CRUspi Longs","Nominal","Global","Index","Current","4edbquwf5lh78mbhviivg2l14jma47d7","Index","2015M2","153.3901"
"Steel - Carbon","Price indicator, CRUspi Longs","Nominal","Global","Index","Current","4edbquwf5lh78mbhviivg2l14jma47d7","Index","2015M3","148.3256"
"Steel - Carbon","Price indicator, CRUspi Longs","Nominal","Global","Index","Current","4edbquwf5lh78mbhviivg2l14jma47d7","Index","2015M4","149.4936"
"Steel - Carbon","Price indicator, CRUspi Longs","Nominal","Global","Index","Current","4edbquwf5lh78mbhviivg2l14jma47d7","Index","2015M5","147.3633"
"Steel - Carbon","Price indicator, CRUspi Longs","Nominal","Global","Index","Current","4edbquwf5lh78mbhviivg2l14jma47d7","Index","2015M6","145.4834"
"Steel - Carbon","Price indicator, CRUspi Longs","Nominal","Global","Index","Current","4edbquwf5lh78mbhviivg2l14jma47d7","Index","2015M7","144.2616"
"Steel - Carbon","Price indicator, CRUspi Longs","Nominal","Global","Index","Current","4edbquwf5lh78mbhviivg2l14jma47d7","Index","2015M8","138.1837"
"Steel - Carbon","Price indicator, CRUspi Longs","Nominal","Global","Index","Current","4edbquwf5lh78mbhviivg2l14jma47d7","Index","2015M9","135.0747"
"Steel - Carbon","Price indicator, CRUspi Longs","Nominal","Global","Index","Current","4edbquwf5lh78mbhviivg2l14jma47d7","Index","2015M10","127.5162"
"Steel - Carbon","Price indicator, CRUspi Longs","Nominal","Global","Index","Current","4edbquwf5lh78mbhviivg2l14jma47d7","Index","2015M11","121.7376"
"Steel - Carbon","Price indicator, CRUspi Longs","Nominal","Global","Index","Current","4edbquwf5lh78mbhviivg2l14jma47d7","Index","2015M12","118.5313"
"Steel - Carbon","Price indicator, CRUspi Longs","Nominal","Global","Index","Current","4edbquwf5lh78mbhviivg2l14jma47d7","Index","2016M1","118.1585"
"Steel - Carbon","Price indicator, CRUspi Longs","Nominal","Global","Index","Current","4edbquwf5lh78mbhviivg2l14jma47d7","Index","2016M2","118.3854"
"Steel - Carbon","Price indicator, CRUspi Longs","Nominal","Global","Index","Current","4edbquwf5lh78mbhviivg2l14jma47d7","Index","2016M3","118.4851"
"Steel - Carbon","Price indicator, CRUspi Longs","Nominal","Global","Index","Current","4edbquwf5lh78mbhviivg2l14jma47d7","Index","2016M4","131.6671"
"Steel - Carbon","Price indicator, CRUspi Longs","Nominal","Global","Index","Current","4edbquwf5lh78mbhviivg2l14jma47d7","Index","2016M5","160.0587"
"Steel - Carbon","Price indicator, CRUspi Longs","Nominal","Global","Index","Current","4edbquwf5lh78mbhviivg2l14jma47d7","Index","2016M6","145.9202"
"Steel - Carbon","Price indicator, CRUspi Longs","Nominal","Global","Index","Current","4edbquwf5lh78mbhviivg2l14jma47d7","Index","2016M7","139.4462"
"Steel - Carbon","Price indicator, CRUspi Longs","Nominal","Global","Index","Current","4edbquwf5lh78mbhviivg2l14jma47d7","Index","2016M8","140.1874"
"Steel - Carbon","Price indicator, CRUspi Longs","Nominal","Global","Index","Current","4edbquwf5lh78mbhviivg2l14jma47d7","Index","2016M9","145.6149"
"Steel - Carbon","Price indicator, CRUspi Longs","Nominal","Global","Index","Current","4edbquwf5lh78mbhviivg2l14jma47d7","Index","2016M10","138.5353"
"Steel - Carbon","Price indicator, CRUspi Longs","Nominal","Global","Index","Current","4edbquwf5lh78mbhviivg2l14jma47d7","Index","2016M11","140.9178"
"Steel - Carbon","Price indicator, CRUspi Longs","Nominal","Global","Index","Current","4edbquwf5lh78mbhviivg2l14jma47d7","Index","2016M12","156.344"
"Steel - Carbon","Price indicator, CRUspi Longs","Nominal","Global","Index","Current","4edbquwf5lh78mbhviivg2l14jma47d7","Index","2017M1","158.179"
"Steel - Carbon","Price indicator, CRUspi Longs","Nominal","Global","Index","Current","4edbquwf5lh78mbhviivg2l14jma47d7","Index","2017M2","163.2586"
"Steel - Carbon","Price indicator, CRUspi Longs","Nominal","Global","Index","Current","4edbquwf5lh78mbhviivg2l14jma47d7","Index","2017M3","165.8687"
"Steel - Carbon","Price indicator, CRUspi Longs","Nominal","Global","Index","Current","4edbquwf5lh78mbhviivg2l14jma47d7","Index","2017M4","162.7715"
"Steel - Carbon","Price indicator, CRUspi Longs","Nominal","Global","Index","Current","4edbquwf5lh78mbhviivg2l14jma47d7","Index","2017M5","159.0437"
"Steel - Carbon","Price indicator, CRUspi Longs","Nominal","Global","Index","Current","4edbquwf5lh78mbhviivg2l14jma47d7","Index","2017M6","158.447"
"Steel - Carbon","Price indicator, CRUspi Longs","Nominal","Global","Index","Current","4edbquwf5lh78mbhviivg2l14jma47d7","Index","2017M7","167.3396"
"Steel - Carbon","Price indicator, CRUspi Longs","Nominal","Global","Index","Current","4edbquwf5lh78mbhviivg2l14jma47d7","Index","2017M8","174.0671"
"Steel - Carbon","Price indicator, CRUspi Longs","Nominal","Global","Index","Current","4edbquwf5lh78mbhviivg2l14jma47d7","Index","2017M9","192.6515"
"Steel - Carbon","Price indicator, CRUspi Longs","Nominal","Global","Index","Current","4edbquwf5lh78mbhviivg2l14jma47d7","Index","2017M10","189.9316"
"Steel - Carbon","Price indicator, CRUspi Longs","Nominal","Global","Index","Current","4edbquwf5lh78mbhviivg2l14jma47d7","Index","2017M11","186.3264"
"Steel - Carbon","Price indicator, CRUspi Longs","Nominal","Global","Index","Current","4edbquwf5lh78mbhviivg2l14jma47d7","Index","2017M12","183.198"
"Steel - Carbon","Price indicator, CRUspi Longs","Nominal","Global","Index","Current","4edbquwf5lh78mbhviivg2l14jma47d7","Index","2018M1","190.4073"
"Steel - Carbon","Price indicator, CRUspi Longs","Nominal","Global","Index","Current","4edbquwf5lh78mbhviivg2l14jma47d7","Index","2018M2","192.2864"
"Steel - Carbon","Price indicator, CRUspi Longs","Nominal","Global","Index","Current","4edbquwf5lh78mbhviivg2l14jma47d7","Index","2018M3","199.9389"
"Steel - Carbon","Price indicator, CRUspi Longs","Nominal","Global","Index","Current","4edbquwf5lh78mbhviivg2l14jma47d7","Index","2018M4","195.4395"
"Steel - Carbon","Price indicator, CRUspi Longs","Nominal","Global","Index","Current","4edbquwf5lh78mbhviivg2l14jma47d7","Index","2018M5","194.6526"
"Steel - Carbon","Price indicator, CRUspi Longs","Nominal","Global","Index","Current","4edbquwf5lh78mbhviivg2l14jma47d7","Index","2018M6","195.5436"
"Steel - Carbon","Price indicator, CRUspi Longs","Nominal","Global","Index","Current","4edbquwf5lh78mbhviivg2l14jma47d7","Index","2018M7","197.129"
"Steel - Carbon","Price indicator, CRUspi Longs","Nominal","Global","Index","Current","4edbquwf5lh78mbhviivg2l14jma47d7","Index","2018M8","196.8555"
"Steel - Carbon","Price indicator, CRUspi Longs","Nominal","Global","Index","Current","4edbquwf5lh78mbhviivg2l14jma47d7","Index","2018M9","194.171"
"Steel - Carbon","Price indicator, CRUspi Longs","Nominal","Global","Index","Current","4edbquwf5lh78mbhviivg2l14jma47d7","Index","2018M10","194.0036"
"Steel - Carbon","Price indicator, CRUspi Longs","Nominal","Global","Index","Current","4edbquwf5lh78mbhviivg2l14jma47d7","Index","2018M11","188.661"
"Steel - Carbon","Price indicator, CRUspi Longs","Nominal","Global","Index","Current","4edbquwf5lh78mbhviivg2l14jma47d7","Index","2018M12","184.3793"
"Steel - Carbon","Price indicator, CRUspi Longs","Nominal","Global","Index","Current","4edbquwf5lh78mbhviivg2l14jma47d7","Index","2019M1","181.318"
"Steel - Carbon","Price indicator, CRUspi Longs","Nominal","Global","Index","Current","4edbquwf5lh78mbhviivg2l14jma47d7","Index","2019M2","179.9176"
"Steel - Carbon","Price indicator, CRUspi Longs","Nominal","Global","Index","Current","4edbquwf5lh78mbhviivg2l14jma47d7","Index","2019M3","187.2654"
"Steel - Carbon","Price indicator, CRUspi Longs","Nominal","Global","Index","Current","4edbquwf5lh78mbhviivg2l14jma47d7","Index","2019M4","187.9053"
"Steel - Carbon","Price indicator, CRUspi Longs","Nominal","Global","Index","Current","4edbquwf5lh78mbhviivg2l14jma47d7","Index","2019M5","182.8014"
"Steel - Carbon","Price indicator, CRUspi Longs","Nominal","Global","Index","Current","4edbquwf5lh78mbhviivg2l14jma47d7","Index","2019M6","179.6904"
"Steel - Carbon","Price indicator, CRUspi Longs","Nominal","Global","Index","Current","4edbquwf5lh78mbhviivg2l14jma47d7","Index","2019M7","177.3899"
"Steel - Carbon","Price indicator, CRUspi Longs","Nominal","Global","Index","Current","4edbquwf5lh78mbhviivg2l14jma47d7","Index","2019M8","175.0679"
"Steel - Carbon","Price indicator, CRUspi Longs","Nominal","Global","Index","Current","4edbquwf5lh78mbhviivg2l14jma47d7","Index","2019M9","169.3711"
"Steel - Carbon","Price indicator, CRUspi Longs","Nominal","Global","Index","Current","4edbquwf5lh78mbhviivg2l14jma47d7","Index","2019M10","159.8929"
"Steel - Carbon","Price indicator, CRUspi Longs","Nominal","Global","Index","Current","4edbquwf5lh78mbhviivg2l14jma47d7","Index","2019M11","158.2294"
"Steel - Carbon","Price indicator, CRUspi Longs","Nominal","Global","Index","Current","4edbquwf5lh78mbhviivg2l14jma47d7","Index","2019M12","159.3928"
"Steel - Carbon","Price indicator, CRUspi Longs","Nominal","Global","Index","Current","4edbquwf5lh78mbhviivg2l14jma47d7","Index","2020M1","167.3698"
"Steel - Carbon","Price indicator, CRUspi Longs","Nominal","Global","Index","Current","4edbquwf5lh78mbhviivg2l14jma47d7","Index","2020M2","166.2726"
"Steel - Carbon","Price indicator, CRUspi Longs","Nominal","Global","Index","Current","4edbquwf5lh78mbhviivg2l14jma47d7","Index","2020M3","161.754"
"Steel - Carbon","Price indicator, CRUspi Longs","Nominal","Global","Index","Current","4edbquwf5lh78mbhviivg2l14jma47d7","Index","2020M4","157.5702"
"Steel - Carbon","Price indicator, CRUspi Longs","Nominal","Global","Index","Current","4edbquwf5lh78mbhviivg2l14jma47d7","Index","2020M5","150.9806"
"Steel - Carbon","Price indicator, CRUspi Longs","Nominal","Global","Index","Current","4edbquwf5lh78mbhviivg2l14jma47d7","Index","2020M6","152.6556"
"Steel - Carbon","Price indicator, CRUspi Longs","Nominal","Global","Index","Current","4edbquwf5lh78mbhviivg2l14jma47d7","Index","2020M7","154.4173"
"Steel - Carbon","Price indicator, CRUspi Longs","Nominal","Global","Index","Current","4edbquwf5lh78mbhviivg2l14jma47d7","Index","2020M8","155.7134"
"Steel - Carbon","Price indicator, CRUspi Longs","Nominal","Global","Index","Current","4edbquwf5lh78mbhviivg2l14jma47d7","Index","2020M9","160.6191"
"Steel - Carbon","Price indicator, CRUspi Longs","Nominal","Global","Index","Current","4edbquwf5lh78mbhviivg2l14jma47d7","Index","2020M10","162.8707"
"Steel - Carbon","Price indicator, CRUspi Longs","Nominal","Global","Index","Current","4edbquwf5lh78mbhviivg2l14jma47d7","Index","2020M11","165.4394"
"Steel - Carbon","Price indicator, CRUspi Longs","Nominal","Global","Index","Current","4edbquwf5lh78mbhviivg2l14jma47d7","Index","2020M12","177.0312"
"Steel - Carbon","Price indicator, CRUspi Longs","Nominal","Global","Index","Current","4edbquwf5lh78mbhviivg2l14jma47d7","Index","2021M1","215.646"
"Steel - Carbon","Price indicator, CRUspi Longs","Nominal","Global","Index","Current","4edbquwf5lh78mbhviivg2l14jma47d7","Index","2021M2","218.5777"
"Steel - Carbon","Price indicator, CRUspi Longs","Nominal","Global","Index","Current","4edbquwf5lh78mbhviivg2l14jma47d7","Index","2021M3","227.5481"
"Steel - Carbon","Price indicator, CRUspi Longs","Nominal","Global","Index","Current","4edbquwf5lh78mbhviivg2l14jma47d7","Index","2021M4","233.8282"
"Steel - Carbon","Price indicator, CRUspi Longs","Nominal","Global","Index","Current","4edbquwf5lh78mbhviivg2l14jma47d7","Index","2021M5","245.8815"
"Steel - Carbon","Price indicator, CRUspi Longs","Nominal","Global","Index","Current","4edbquwf5lh78mbhviivg2l14jma47d7","Index","2021M6","270.0396"
"Steel - Carbon","Price indicator, CRUspi Longs","Nominal","Global","Index","Current","4edbquwf5lh78mbhviivg2l14jma47d7","Index","2021M7","272.7235"
"Steel - Carbon","Price indicator, CRUspi Longs","Nominal","Global","Index","Current","4edbquwf5lh78mbhviivg2l14jma47d7","Index","2021M8","280.9655"
"Steel - Carbon","Price indicator, CRUspi Longs","Nominal","Global","Index","Current","4edbquwf5lh78mbhviivg2l14jma47d7","Index","2021M9","276.2644"
"Steel - Carbon","Price indicator, CRUspi Longs","Nominal","Global","Index","Current","4edbquwf5lh78mbhviivg2l14jma47d7","Index","2021M10","274.9502"
"Steel - Carbon","Price indicator, CRUspi Longs","Nominal","Global","Index","Current","4edbquwf5lh78mbhviivg2l14jma47d7","Index","2021M11","278.0066"
"Steel - Carbon","Price indicator, CRUspi Longs","Nominal","Global","Index","Current","4edbquwf5lh78mbhviivg2l14jma47d7","Index","2021M12","272.4434"
"Steel - Carbon","Price indicator, CRUspi Longs","Nominal","Global","Index","Current","4edbquwf5lh78mbhviivg2l14jma47d7","Index","2022M1","271.6465"
"Steel - Carbon","Price indicator, CRUspi Longs","Nominal","Global","Index","Current","4edbquwf5lh78mbhviivg2l14jma47d7","Index","2022M2","274.2052"
"Steel - Carbon","Price indicator, CRUspi Longs","Nominal","Global","Index","Current","4edbquwf5lh78mbhviivg2l14jma47d7","Index","2022M3","290.214"
"Steel - Carbon","Price indicator, CRUspi Longs","Nominal","Global","Index","Current","4edbquwf5lh78mbhviivg2l14jma47d7","Index","2022M4","337.626"
"Steel - Carbon","Price indicator, CRUspi Longs","Nominal","Global","Index","Current","4edbquwf5lh78mbhviivg2l14jma47d7","Index","2022M5","332.809"
"Steel - Carbon","Price indicator, CRUspi Longs","Nominal","Global","Index","Current","4edbquwf5lh78mbhviivg2l14jma47d7","Index","2022M6","313.3564"
"Steel - Carbon","Price indicator, CRUspi Longs","Nominal","Global","Index","Current","4edbquwf5lh78mbhviivg2l14jma47d7","Index","2022M7","278.8413"
"Steel - Carbon","Price indicator, CRUspi Longs","Nominal","Global","Index","Current","4edbquwf5lh78mbhviivg2l14jma47d7","Index","2022M8","263.9498"
"Steel - Carbon","Price indicator, CRUspi Longs","Nominal","Global","Index","Current","4edbquwf5lh78mbhviivg2l14jma47d7","Index","2022M9","259.7012"
"Steel - Carbon","Price indicator, CRUspi Longs","Nominal","Global","Index","Current","4edbquwf5lh78mbhviivg2l14jma47d7","Index","2022M10","252.3689"
"Steel - Carbon","Price indicator, CRUspi Longs","Nominal","Global","Index","Current","4edbquwf5lh78mbhviivg2l14jma47d7","Index","2022M11","241.6287"
"Steel - Carbon","Price indicator, CRUspi Longs","Nominal","Global","Index","Current","4edbquwf5lh78mbhviivg2l14jma47d7","Index","2022M12","234.3538"
"Steel - Carbon","Price indicator, CRUspi Longs","Nominal","Global","Index","Current","4edbquwf5lh78mbhviivg2l14jma47d7","Index","2023M1","239.9051"
"Steel - Carbon","Price indicator, CRUspi Longs","Nominal","Global","Index","Current","4edbquwf5lh78mbhviivg2l14jma47d7","Index","2023M2","244.9154"
"Steel - Carbon","Price indicator, CRUspi Longs","Nominal","Global","Index","Current","4edbquwf5lh78mbhviivg2l14jma47d7","Index","2023M3","244.4687"
"Steel - Carbon","Price indicator, CRUspi Longs","Nominal","Global","Index","Current","4edbquwf5lh78mbhviivg2l14jma47d7","Index","2023M4","241.8649"
"Steel - Carbon","Price indicator, CRUspi Longs","Nominal","Global","Index","Current","4edbquwf5lh78mbhviivg2l14jma47d7","Index","2023M5","236.8359"
"Steel - Carbon","Price indicator, CRUspi Longs","Nominal","Global","Index","Current","4edbquwf5lh78mbhviivg2l14jma47d7","Index","2023M6","219.6244"
"Steel - Carbon","Price indicator, CRUspi Longs","Nominal","Global","Index","Current","4edbquwf5lh78mbhviivg2l14jma47d7","Index","2023M7","216.2911"
"Steel - Carbon","Price indicator, CRUspi Longs","Nominal","Global","Index","Current","4edbquwf5lh78mbhviivg2l14jma47d7","Index","2023M8","215.1207"
"Steel - Carbon","Price indicator, CRUspi Longs","Nominal","Global","Index","Current","4edbquwf5lh78mbhviivg2l14jma47d7","Index","2023M9","207.2587"
"Steel - Carbon","Price indicator, CRUspi Longs","Nominal","Global","Index","Current","4edbquwf5lh78mbhviivg2l14jma47d7","Index","2023M10","208.7558"
"Steel - Carbon","Price indicator, CRUspi Longs","Nominal","Global","Index","Current","4edbquwf5lh78mbhviivg2l14jma47d7","Index","2023M11","209.1098"
"Steel - Carbon","Price indicator, CRUspi Longs","Nominal","Global","Index","Current","4edbquwf5lh78mbhviivg2l14jma47d7","Index","2023M12","213.8257"
"Steel - Carbon","Price indicator, CRUspi Longs","Nominal","Global","Index","Current","4edbquwf5lh78mbhviivg2l14jma47d7","Index","2024M1","218.827"
"Steel - Carbon","Price indicator, CRUspi Longs","Nominal","Global","Index","Current","4edbquwf5lh78mbhviivg2l14jma47d7","Index","2024M2","217.4483"
"Steel - Carbon","Price indicator, CRUspi Longs","Nominal","Global","Index","Current","4edbquwf5lh78mbhviivg2l14jma47d7","Index","2024M3","217.4287"
"Steel - Carbon","Price indicator, CRUspi Longs","Nominal","Global","Index","Current","4edbquwf5lh78mbhviivg2l14jma47d7","Index","2024M4","209.2888"
"Steel - Carbon","Price indicator, CRUspi Longs","Nominal","Global","Index","Current","4edbquwf5lh78mbhviivg2l14jma47d7","Index","2024M5","206.3905"
"Steel - Carbon","Price indicator, CRUspi Longs","Nominal","Global","Index","Current","4edbquwf5lh78mbhviivg2l14jma47d7","Index","2024M6","205.1233"
"Steel - Carbon","Price indicator, CRUspi Longs","Nominal","Global","Index","Current","4edbquwf5lh78mbhviivg2l14jma47d7","Index","2024M7","201.4099"
"Steel - Carbon","Price indicator, CRUspi Longs","Nominal","Global","Index","Current","4edbquwf5lh78mbhviivg2l14jma47d7","Index","2024M8","197.9994"
"Steel - Carbon","Price indicator, CRUspi Longs","Nominal","Global","Index","Current","4edbquwf5lh78mbhviivg2l14jma47d7","Index","2024M9","196.7107"
"Steel - Carbon","Price indicator, CRUspi Longs","Nominal","Global","Index","Current","4edbquwf5lh78mbhviivg2l14jma47d7","Index","2024M10","201.1387"
"Steel - Carbon","Price indicator, CRUspi Longs","Nominal","Global","Index","Current","4edbquwf5lh78mbhviivg2l14jma47d7","Index","2024M11","201.4981"
"Steel - Carbon","Price indicator, CRUspi Longs","Nominal","Global","Index","Current","4edbquwf5lh78mbhviivg2l14jma47d7","Index","2024M12","196.2057"
"Steel - Carbon","Price indicator, CRUspi Longs","Nominal","Global","Index","Current","4edbquwf5lh78mbhviivg2l14jma47d7","Index","2025M1","194.8651"
"Steel - Carbon","Price indicator, CRUspi Longs","Nominal","Global","Index","Current","4edbquwf5lh78mbhviivg2l14jma47d7","Index","2025M2","196.8522"
"Steel - Carbon","Price indicator, CRUspi Longs","Nominal","Global","Index","Current","4edbquwf5lh78mbhviivg2l14jma47d7","Index","2025M3","196.5345"
"Steel - Carbon","Price indicator, CRUspi Longs","Nominal","Global","Index","Current","4edbquwf5lh78mbhviivg2l14jma47d7","Index","2025M4","197.5147"
"Steel - Carbon","Price indicator, CRUspi Longs","Nominal","Global","Index","Current","4edbquwf5lh78mbhviivg2l14jma47d7","Index","2025M5","195.6378"
"Steel - Carbon","Price indicator, CRUspi Longs","Nominal","Global","Index","Current","4edbquwf5lh78mbhviivg2l14jma47d7","Index","2025M6","194.1666"
"Steel - Carbon","Price indicator, CRUspi Longs","Nominal","Global","Index","Current","4edbquwf5lh78mbhviivg2l14jma47d7","Index","2025M7","192.2673"
"Steel - Carbon","Price indicator, CRUspi Longs","Nominal","Global","Index","Current","4edbquwf5lh78mbhviivg2l14jma47d7","Index","2025M8","199.7376"
"Steel - Carbon","Price indicator, CRUspi Longs","Nominal","Global","Index","Current","4edbquwf5lh78mbhviivg2l14jma47d7","Index","2025M9","200.0992"
"Steel - Carbon","Price indicator, CRUspi Longs","Nominal","Global","Index","Current","4edbquwf5lh78mbhviivg2l14jma47d7","Index","2025M10","198.0674"
"Steel - Carbon","Price indicator, CRUspi Longs","Nominal","Global","Index","Current","4edbquwf5lh78mbhviivg2l14jma47d7","Index","2025M11","195.4702"
"Steel - Carbon","Price indicator, CRUspi Longs","Nominal","Global","Index","Current","4edbquwf5lh78mbhviivg2l14jma47d7","Index","2025M12","199.3642"
"Steel - Carbon","Price indicator, CRUspi Longs","Nominal","Global","Index","Current","4edbquwf5lh78mbhviivg2l14jma47d7","Index","2026M1","203.3345"
"Steel - Carbon","Price indicator, CRUspi Longs","Nominal","Global","Index","Current","4edbquwf5lh78mbhviivg2l14jma47d7","Index","2026M2","203.7"
"Steel - Carbon","Price indicator, CRUspi Longs","Nominal","Global","Index","Current","4edbquwf5lh78mbhviivg2l14jma47d7","Index","2026M3","206.5239"
"Steel - Carbon","Price indicator, CRUspi Longs","Nominal","Global","Index","Current","4edbquwf5lh78mbhviivg2l14jma47d7","Index","2026M4","213.1251"
"Steel - Carbon","Price indicator, CRUspi Longs","Nominal","Global","Index","Current","4edbquwf5lh78mbhviivg2l14jma47d7","Index","2026M5","217.9746"
"Steel - Carbon","Price indicator, CRUspi Longs","Nominal","Global","Index","Current","4edbquwf5lh78mbhviivg2l14jma47d7","Index","2026M6","218.8408"
"Steel - Carbon","Price indicator, CRUspi Longs","Nominal","Global","Index","Current","4edbquwf5lh78mbhviivg2l14jma47d7","Index","2026M7","217.0425"
"Steel - Carbon","Price indicator, CRUspi Longs","Nominal","Global","Index","Current","4edbquwf5lh78mbhviivg2l14jma47d7","Index","2026M8","215.3639"
"Steel - Carbon","Price indicator, CRUspi Longs","Nominal","Global","Index","Current","4edbquwf5lh78mbhviivg2l14jma47d7","Index","2026M9","218.4802"
"Steel - Carbon","Price indicator, CRUspi Longs","Nominal","Global","Index","Current","4edbquwf5lh78mbhviivg2l14jma47d7","Index","2026M10","221.6404"
"Steel - Carbon","Price indicator, CRUspi Longs","Nominal","Global","Index","Current","4edbquwf5lh78mbhviivg2l14jma47d7","Index","2026M11","222.6488"
"Steel - Carbon","Price indicator, CRUspi Longs","Nominal","Global","Index","Current","4edbquwf5lh78mbhviivg2l14jma47d7","Index","2026M12","222.521"
"Steel - Carbon","Price indicator, CRUspi Longs","Nominal","Global","Index","Current","4edbquwf5lh78mbhviivg2l14jma47d7","Index","2027M1","222.71"
"Steel - Carbon","Price indicator, CRUspi Longs","Nominal","Global","Index","Current","4edbquwf5lh78mbhviivg2l14jma47d7","Index","2027M2","222.1475"
"Steel - Carbon","Price indicator, CRUspi Longs","Nominal","Global","Index","Current","4edbquwf5lh78mbhviivg2l14jma47d7","Index","2027M3","223.1084"
"Steel - Carbon","Price indicator, CRUspi Longs","Nominal","Global","Index","Current","4edbquwf5lh78mbhviivg2l14jma47d7","Index","2027M4","224.5341"
"Steel - Carbon","Price indicator, CRUspi Longs","Nominal","Global","Index","Current","4edbquwf5lh78mbhviivg2l14jma47d7","Index","2027M5","225.2709"
"Steel - Carbon","Price indicator, CRUspi Longs","Nominal","Global","Index","Current","4edbquwf5lh78mbhviivg2l14jma47d7","Index","2027M6","225.793"
